C	l1_ratio	loss_achieved
0.1	0.9129488031529984	-1.0
0.1	1.0	-1.0
0.1029563288218899	0.9788402958436648	-1.0
0.1	1.0	-1.0
0.1	1.0	-1.0
