C	l1_ratio	loss_achieved
1.2942237933042051	0.8263408005068335	-0.8566666666666667
1.047553914462633	0.8853268262751398	-0.8566666666666667
1.0118389054562444	0.4337011726795283	-0.8566666666666667
1.6153980997352542	0.695529528770911	-0.8566666666666667
1.5748899394049152	1.0	-0.8566666666666667
