C	l1_ratio	loss_achieved
0.3356673833024758	0.9961129248247734	-0.9875
0.3113897003606342	0.9409129904106612	-0.9875
0.1	0.4785828824860739	-0.975
0.1	0.4806895539613567	-0.975
0.3618233273052668	0.9925203809536652	-0.975
