param	param_value
kernel	rbf
C	0.6995644441471965
epsilon	0.01337066617988156
gamma	0.0010144801294106906
degree	3
coef0	-0.32804872074742575
loss_achieved	494.27499939111266
