param	param_value
kernel	rbf
C	0.728210947014468
epsilon	0.049953706678984154
gamma	0.001
degree	3
coef0	-0.5502675292350878
loss_achieved	495.5320350219823
