learning_rate	n_estimators	max_depth	max_features	min_samples_split	min_samples_leaf	loss_achieved
0.020778903709642683	1000	2	auto	2	3	-0.3331531359936933
0.05451324400200064	978	3	auto	4	2	-0.3258807376657275
0.04129274930951488	998	5	auto	2	2	-0.32870304038067194
0.06900100185157397	1000	5	auto	6	2	-0.3234371226496464
0.1	100	3	log2	4	1	-0.32316031763400177
