loss	learning_rate	n_estimators	max_depth	max_features	alpha	loss_achieved
lad	0.08279430762572003	159	2	sqrt	0.8645272539489377	509.3318031076136
lad	0.08279430762572003	159	2	sqrt	0.8645272539489377	508.22857257550913
lad	0.08279430762572003	159	2	sqrt	0.8645272539489377	491.7043941725202
lad	0.08279430762572003	159	2	sqrt	0.8645272539489377	507.78600312340444
lad	0.08279430762572003	159	2	sqrt	0.8645272539489377	511.06649770370797
