C	class_weight	solver	loss_achieved
8.50774449237697		sag	-0.48139884586348397
0.11642022960868993		sag	-0.4926783696254247
0.11720320586533695		sag	-0.483278662390032
0.10269056156455901		sag	-0.48471398324258097
0.10869228652387312		saga	-0.4793142811483266
