learning_rate	n_estimators	max_depth	max_features	min_samples_split	min_samples_leaf	loss_achieved
0.01745603133620563	654	2	log2	6	3	-0.3994408369408369
0.001	1000	2	sqrt	6	1	-0.3820238095238095
0.018129394028422192	654	2	log2	6	3	-0.39295935545935545
0.0700544067511927	1000	2	log2	6	3	-0.3827741702741703
0.0177626176269905	655	2	log2	6	3	-0.3827741702741703
