learning_rate	n_estimators	max_depth	max_features	min_samples_split	min_samples_leaf	loss_achieved
0.019503471143744826	476	5	auto	6	3	-0.3441198902672783
0.09477707498909817	1000	2	sqrt	2	3	-0.34396813225138034
0.0914676644490776	1000	2	sqrt	6	3	-0.3489581570475205
0.09373273224491199	909	2	sqrt	2	3	-0.3428278291308309
0.09438719888102172	1000	2	sqrt	2	3	-0.3440002581496563
