C	class_weight	solver	loss_achieved
1.1452909567300624		lbfgs	-0.5097445810030565
1.0176291053439144		newton-cg	-0.5097445810030565
1.501416998756974		newton-cg	-0.5097445810030565
1.4971880068834291		newton-cg	-0.5097445810030565
4.094176523768514		newton-cg	-0.5077836606931994
