C	class_weight	solver	loss_achieved
0.8641230738717411		saga	-0.504683925323813
0.8133369090451065		saga	-0.5091950108037567
3.313018188630846		saga	-0.5038211640957359
3.767105078322498		saga	-0.5038211640957359
3.2545125911209203		saga	-0.5017249529368764
