learning_rate	n_estimators	max_depth	max_features	min_samples_split	min_samples_leaf	loss_achieved
0.04393641609527331	488	3	log2	3	2	-0.9878787878787879
0.08944552714859637	950	4	log2	2	2	-0.987878787878788
0.04206779498340956	880	3	log2	6	2	-0.9878787878787879
0.06167655805053381	209	4	log2	4	2	-0.987878787878788
0.03110795811369123	475	4	sqrt	4	2	-0.9878787878787879
