C	l1_ratio	loss_achieved
6.7262064513264965	0.585936552562213	-0.977777777777778
6.28654467074644	0.674689050987825	-0.977777777777778
8.43919013244055	0.0831949883324387	-0.977777777777778
7.66046013028905	0.243666374536874	-0.977777777777778
2.022807309729832	0.5724569574914732	-0.977777777777778
